0;0;0;0;2;-1.5;-0.380296;0.362962;
0;0;1;0;2;-1.48286;-0.364579;0.346579;
0;0;2;0;2;-1.46572;-0.349123;0.330674;
0;0;3;0;2;-1.44858;-0.333916;0.31521;
0;0;4;0;2;-1.43144;-0.318944;0.300155;
0;0;5;0;2;-1.4143;-0.304198;0.285479;
0;0;6;0;2;-1.39717;-0.289667;0.271155;
0;0;7;0;2;-1.38003;-0.275344;0.257158;
0;0;8;0;2;-1.36289;-0.261219;0.243467;
0;0;9;0;2;-1.34575;-0.247286;0.230061;
0;0;10;0;2;-1.32861;-0.233538;0.216922;
0;0;11;0;2;-1.31147;-0.219969;0.204032;
0;0;12;0;2;-1.29433;-0.206575;0.191377;
0;0;13;0;2;-1.27719;-0.19335;0.178941;
0;0;14;0;2;-1.26005;-0.180289;0.166711;
0;0;15;0;2;-1.24291;-0.167389;0.154677;
0;0;16;0;2;-1.22577;-0.154646;0.142826;
0;0;17;0;2;-1.20864;-0.142056;0.131149;
0;0;18;0;2;-1.1915;-0.129615;0.119635;
0;0;19;0;2;-1.17436;-0.117321;0.108277;
0;0;20;0;2;-1.15722;-0.105171;0.0970661;
0;0;21;0;2;-1.14008;-0.0931614;0.0859953;
0;0;22;0;2;-1.12294;-0.0812907;0.0750577;
0;0;23;0;2;-1.1058;-0.0695561;0.0642469;
0;0;24;0;2;-1.08866;-0.0579553;0.0535572;
0;0;25;0;2;-1.07152;-0.0464861;0.0429831;
0;0;26;0;2;-1.05438;-0.0351464;0.0325196;
0;0;27;0;2;-1.03724;-0.0239342;0.0221621;
0;0;28;0;2;-1.02011;-0.0128476;0.0119064;
0;0;29;0;2;-1.00297;-0.0018848;0.00174831;
0;0;30;0;2;-0.985827;0.00907084;-0.008229;
0;0;31;0;2;-0.968688;0.020236;-0.0178641;
0;0;32;0;2;-0.951549;0.0316157;-0.0271532;
0;0;33;0;2;-0.93441;0.0432099;-0.0360962;
0;0;34;0;2;-0.917271;0.0550186;-0.0446933;
0;0;35;0;2;-0.900131;0.0670419;-0.0529443;
0;0;36;0;2;-0.882992;0.0792797;-0.0608493;
0;0;37;0;2;-0.865853;0.0917321;-0.0684083;
0;0;38;0;2;-0.848714;0.104399;-0.0756213;
0;0;39;0;2;-0.831575;0.11728;-0.0824883;
0;0;40;0;2;-0.814436;0.130376;-0.0890093;
0;0;41;0;2;-0.797297;0.143687;-0.0951843;
0;0;42;0;2;-0.780158;0.157212;-0.101013;
0;0;43;0;2;-0.763019;0.170951;-0.106496;
0;0;44;0;2;-0.74588;0.184906;-0.111633;
0;0;45;0;2;-0.72874;0.199074;-0.116424;
0;0;46;0;2;-0.711601;0.213457;-0.120869;
0;0;47;0;2;-0.694462;0.228055;-0.124968;
0;0;48;0;2;-0.677323;0.242867;-0.128721;
0;0;49;0;2;-0.660184;0.257894;-0.132128;
0;0;50;0;2;-0.643045;0.273135;-0.135188;
0;0;51;0;2;-0.625906;0.288591;-0.137903;
0;0;52;0;2;-0.608767;0.304261;-0.140272;
0;0;53;0;2;-0.591628;0.320146;-0.142295;
0;0;54;0;2;-0.574489;0.336246;-0.143972;
0;0;55;0;2;-0.557349;0.35256;-0.145303;
0;0;56;0;2;-0.54021;0.369088;-0.146287;
0;0;57;0;2;-0.523071;0.385831;-0.146926;
0;0;58;0;2;-0.505932;0.402789;-0.147219;
0;0;59;0;2;-0.488793;0.419961;-0.147166;
0;0;60;0;2;-0.471654;0.437348;-0.146766;
0;0;61;0;2;-0.454515;0.454949;-0.146021;
0;0;62;0;2;-0.437376;0.472765;-0.14493;
0;0;63;0;2;-0.420237;0.490795;-0.143493;
0;0;64;0;2;-0.403098;0.50904;-0.141709;
0;0;65;0;2;-0.385959;0.527499;-0.13958;
0;0;66;0;2;-0.368819;0.546173;-0.137105;
0;0;67;0;2;-0.35168;0.565061;-0.134283;
0;0;68;0;2;-0.334541;0.584164;-0.131116;
0;0;69;0;2;-0.317402;0.603482;-0.127603;
0;0;70;0;2;-0.300263;0.623014;-0.123743;
0;0;71;0;2;-0.283124;0.64276;-0.119538;
0;0;72;0;2;-0.265985;0.662721;-0.114986;
0;0;73;0;2;-0.248846;0.682897;-0.110089;
0;0;74;0;2;-0.231707;0.703287;-0.104846;
0;0;75;0;2;-0.214567;0.723892;-0.0992562;
0;0;76;0;2;-0.197428;0.744711;-0.0933207;
0;0;77;0;2;-0.180289;0.765744;-0.0870393;
0;0;78;0;2;-0.16315;0.786993;-0.0804118;
0;0;79;0;2;-0.146011;0.808456;-0.0734383;
0;0;80;0;2;-0.128872;0.830133;-0.0661189;
0;0;81;0;2;-0.111733;0.852025;-0.0584534;
0;0;82;0;2;-0.0945938;0.874131;-0.0504418;
0;0;83;0;2;-0.0774547;0.896452;-0.0420843;
0;0;84;0;2;-0.0603156;0.918988;-0.0333808;
0;0;85;0;2;-0.0431765;0.941738;-0.0243312;
0;0;86;0;2;-0.0260374;0.964702;-0.0149357;
0;0;87;0;2;-0.0088983;0.987881;-0.0051941;
0;0;88;0;2;0.0082408;1.01126;0.00497559;
0;0;89;0;2;0.0253799;1.03468;0.0161218;
0;0;90;0;2;0.042519;1.0581;0.0283817;
0;0;91;0;2;0.0596581;1.08145;0.041798;
0;0;92;0;2;0.0767972;1.1047;0.056412;
0;0;93;0;2;0.0939363;1.12779;0.0722641;
0;0;94;0;2;0.111075;1.15066;0.0893928;
0;0;95;0;2;0.128215;1.17325;0.107835;
0;0;96;0;2;0.145354;1.1955;0.127625;
0;0;97;0;2;0.162493;1.21734;0.148795;
0;0;98;0;2;0.179632;1.2387;0.171374;
0;0;99;0;2;0.196771;1.2595;0.195389;
0;0;100;0;2;0.21391;1.27966;0.220862;
0;0;101;0;2;0.231049;1.2991;0.247813;
0;0;102;0;2;0.248188;1.31774;0.276256;
0;0;103;0;2;0.265327;1.33548;0.306202;
0;0;104;0;2;0.282466;1.35223;0.337655;
0;0;105;0;2;0.299605;1.36789;0.370617;
0;0;106;0;2;0.316745;1.38237;0.405081;
0;0;107;0;2;0.333884;1.39556;0.441037;
0;0;108;0;2;0.351023;1.40735;0.478467;
0;0;109;0;2;0.368162;1.41765;0.517345;
0;0;110;0;2;0.385301;1.42635;0.557641;
0;0;111;0;2;0.40244;1.43332;0.599315;
0;0;112;0;2;0.419579;1.43847;0.642321;
0;0;113;0;2;0.436718;1.44169;0.686603;
0;0;114;0;2;0.453857;1.44285;0.732099;
0;0;115;0;2;0.470996;1.44185;0.778736;
0;0;116;0;2;0.488136;1.43859;0.826434;
0;0;117;0;2;0.505275;1.43295;0.875103;
0;0;118;0;2;0.522414;1.42482;0.924644;
0;0;119;0;2;0.539553;1.41411;0.974948;
0;0;120;0;2;0.556692;1.40072;1.0259;
0;0;121;0;2;0.573831;1.38455;1.07737;
0;0;122;0;2;0.59097;1.36552;1.12921;
0;0;123;0;2;0.608109;1.34353;1.1813;
0;0;124;0;2;0.625248;1.31852;1.23346;
0;0;125;0;2;0.642388;1.29041;1.28554;
0;0;126;0;2;0.659527;1.25916;1.33736;
0;0;127;0;2;0.676666;1.22469;1.38875;
0;0;128;0;2;0.693805;1.18699;1.4395;
0;0;129;0;2;0.710944;1.146;1.48942;
0;0;130;0;2;0.728083;1.10173;1.53832;
0;0;131;0;2;0.745222;1.05416;1.58597;
0;0;132;0;2;0.762361;1.0033;1.63217;
0;0;133;0;2;0.7795;0.949171;1.67669;
0;0;134;0;2;0.796639;0.891817;1.71931;
0;0;135;0;2;0.813779;0.831288;1.75979;
0;0;136;0;2;0.830918;0.767654;1.79792;
0;0;137;0;2;0.848057;0.701;1.83346;
0;0;138;0;2;0.865196;0.631431;1.86618;
0;0;139;0;2;0.882335;0.559066;1.89584;
0;0;140;0;2;0.899474;0.484045;1.92224;
0;0;141;0;2;0.916613;0.406525;1.94515;
0;0;142;0;2;0.933752;0.326681;1.96434;
0;0;143;0;2;0.950891;0.244706;1.97962;
0;0;144;0;2;0.96803;0.160813;1.99079;
0;0;145;0;2;0.98517;0.0752293;1.99766;
0;0;146;0;2;1.00231;-0.011801;2.00003;
0;0;147;0;2;1.01945;-0.100201;1.99618;
0;0;148;0;2;1.03659;-0.189483;1.98487;
0;0;149;0;2;1.05373;-0.278873;1.96579;
0;0;150;0;2;1.07087;-0.367536;1.93876;
0;0;151;0;2;1.088;-0.454588;1.90371;
0;0;152;0;2;1.10514;-0.539109;1.86066;
0;0;153;0;2;1.12228;-0.620167;1.80978;
0;0;154;0;2;1.13942;-0.696832;1.75138;
0;0;155;0;2;1.15656;-0.768205;1.68589;
0;0;156;0;2;1.1737;-0.833437;1.6139;
0;0;157;0;2;1.19084;-0.891756;1.53611;
0;0;158;0;2;1.20798;-0.942488;1.45335;
0;0;159;0;2;1.22512;-0.98508;1.36654;
0;0;160;0;2;1.24226;-1.01912;1.2767;
0;0;161;0;2;1.2594;-1.04434;1.18489;
0;0;162;0;2;1.27653;-1.06065;1.09222;
0;0;163;0;2;1.29367;-1.06812;0.999781;
0;0;164;0;2;1.31081;-1.06697;0.908651;
0;0;165;0;2;1.32795;-1.05761;0.819848;
0;0;166;0;2;1.34509;-1.04056;0.734306;
0;0;167;0;2;1.36223;-1.0165;0.652854;
0;0;168;0;2;1.37937;-0.986181;0.576194;
0;0;169;0;2;1.39651;-0.950454;0.504888;
0;0;170;0;2;1.41365;-0.910213;0.439351;
0;0;171;0;2;1.43079;-0.866373;0.379846;
0;0;172;0;2;1.44793;-0.819843;0.326488;
0;0;173;0;2;1.46506;-0.771503;0.279258;
0;0;174;0;2;1.4822;-0.722178;0.238006;
0;0;175;0;2;1.49934;-0.672623;0.202478;
0;0;176;0;2;1.51648;-0.623508;0.172329;
0;0;177;0;2;1.53362;-0.575407;0.147145;
0;0;178;0;2;1.55076;-0.528798;0.126466;
0;0;179;0;2;1.5679;-0.484059;0.109802;
0;0;180;0;2;1.58504;-0.441476;0.0966523;
0;0;181;0;2;1.60218;-0.401243;0.0865244;
0;0;182;0;2;1.61932;-0.363478;0.0789432;
0;0;183;0;2;1.63646;-0.328228;0.073463;
0;0;184;0;2;1.65359;-0.295484;0.0696747;
0;0;185;0;2;1.67073;-0.265189;0.0672107;
0;0;186;0;2;1.68787;-0.237252;0.0657467;
0;0;187;0;2;1.70501;-0.211554;0.0650023;
0;0;188;0;2;1.72215;-0.187961;0.0647394;
0;0;189;0;2;1.73929;-0.166328;0.0647597;
0;0;190;0;2;1.75643;-0.146508;0.0649015;
0;0;191;0;2;1.77357;-0.128355;0.0650352;
0;0;192;0;2;1.79071;-0.111727;0.0650598;
0;0;193;0;2;1.80785;-0.0964926;0.0648984;
0;0;194;0;2;1.82499;-0.0825278;0.0644946;
0;0;195;0;2;1.84212;-0.0697203;0.0638086;
0;0;196;0;2;1.85926;-0.0579686;0.0628144;
0;0;197;0;2;1.8764;-0.0471824;0.0614967;
0;0;198;0;2;1.89354;-0.0372819;0.0598486;
0;0;199;0;2;1.91068;-0.0281977;0.0578695;
0;0;200;0;2;1.92782;-0.0198696;0.0555637;
0;0;201;0;2;1.94496;-0.0122465;0.0529389;
0;0;202;0;2;1.9621;-0.00528522;0.0500053;
0;0;203;0;2;1.97924;0.00105019;0.0467744;
0;0;204;0;2;1.99638;0.00678878;0.0432589;
0;0;205;0;2;2.01352;0.0119954;0.0395088;
0;0;206;0;2;2.03065;0.0167861;0.0355919;
0;0;207;0;2;2.04779;0.0211932;0.0314799;
0;0;208;0;2;2.06493;0.0252419;0.0271405;
0;0;209;0;2;2.08207;0.0289529;0.0225392;
0;0;210;0;2;2.09921;0.0323436;0.0176375;
0;0;211;0;2;2.11635;0.0354278;0.0123911;
0;0;212;0;2;2.13349;0.0382177;0.00674838;
0;0;213;0;2;2.15063;0.040724;0.000647522;
0;0;214;0;2;2.16777;0.0429587;-0.00598549;
0;0;215;0;2;2.18491;0.0449373;-0.0132399;
0;0;216;0;2;2.20205;0.0466829;-0.0212229;
0;0;217;0;2;2.21918;0.0482316;-0.030063;
0;0;218;0;2;2.23632;0.0496406;-0.0399118;
0;0;219;0;2;2.25346;0.050998;-0.050945;
0;0;220;0;2;2.2706;0.0524362;-0.0633606;
0;0;221;0;2;2.28774;0.0541474;-0.0773721;
0;0;222;0;2;2.30488;0.0564006;-0.0931954;
0;0;223;0;2;2.32202;0.0595575;-0.111027;
0;0;224;0;2;2.33916;0.064083;-0.131011;
0;0;225;0;2;2.3563;0.0705458;-0.153199;
0;0;226;0;2;2.37344;0.0796022;-0.177502;
0;0;227;0;2;2.39058;0.0919575;-0.203641;
0;0;228;0;2;2.40771;0.108306;-0.231112;
0;0;229;0;2;2.42485;0.129248;-0.259174;
0;0;230;0;2;2.44199;0.155201;-0.286867;
0;0;231;0;2;2.45913;0.186316;-0.313073;
0;0;232;0;2;2.47627;0.222414;-0.336608;
0;0;233;0;2;2.49341;0.262971;-0.356339;
0;0;234;0;2;2.51055;0.307141;-0.371304;
0;0;235;0;2;2.52769;0.353834;-0.380811;
0;0;236;0;2;2.54483;0.401818;-0.384501;
0;0;237;0;2;2.56197;0.449839;-0.382371;
0;0;238;0;2;2.57911;0.496732;-0.374742;
0;0;239;0;2;2.59624;0.541512;-0.3622;
0;0;240;0;2;2.61338;0.583421;-0.345513;
0;0;241;0;2;2.63052;0.621959;-0.325546;
0;0;242;0;2;2.64766;0.656865;-0.303177;
0;0;243;0;2;2.6648;0.688091;-0.279241;
0;0;244;0;2;2.68194;0.71576;-0.254478;
0;0;245;0;2;2.69908;0.740114;-0.229517;
0;0;246;0;2;2.71622;0.761477;-0.20486;
0;0;247;0;2;2.73336;0.78021;-0.180893;
0;0;248;0;2;2.7505;0.796684;-0.157894;
0;0;249;0;2;2.76764;0.811262;-0.136049;
0;0;250;0;2;2.78477;0.824279;-0.11547;
0;0;251;0;2;2.80191;0.836037;-0.0962126;
0;0;252;0;2;2.81905;0.846801;-0.0782888;
0;0;253;0;2;2.83619;0.856797;-0.0616821;
0;0;254;0;2;2.85333;0.866219;-0.0463562;
0;0;255;0;2;2.87047;0.875226;-0.0322637;
0;0;256;0;2;2.88761;0.883949;-0.0193523;
0;0;257;0;2;2.90475;0.892494;-0.00756868;
0;0;258;0;2;2.92189;0.900946;0.00313754;
0;0;259;0;2;2.93903;0.909371;0.0128123;
0;0;260;0;2;2.95617;0.91782;0.0214953;
0;0;261;0;2;2.97331;0.926332;0.0292195;
0;0;262;0;2;2.99044;0.934935;0.0360104;
0;0;263;0;2;3.00758;0.943638;0.0419124;
0;0;264;0;2;3.02472;0.952394;0.0471416;
0;0;265;0;2;3.04186;0.961263;0.0517496;
0;0;266;0;2;3.059;0.970319;0.055741;
0;0;267;0;2;3.07614;0.979641;0.0591133;
0;0;268;0;2;3.09328;0.989309;0.0618568;
0;0;269;0;2;3.11042;0.999415;0.0639526;
0;0;270;0;2;3.12756;1.01006;0.0653729;
0;0;271;0;2;3.1447;1.02136;0.0660793;
0;0;272;0;2;3.16184;1.03347;0.0660239;
0;0;273;0;2;3.17897;1.04654;0.0651491;
0;0;274;0;2;3.19611;1.06081;0.0633902;
0;0;275;0;2;3.21325;1.07652;0.0606794;
0;0;276;0;2;3.23039;1.09403;0.0569531;
0;0;277;0;2;3.24753;1.11374;0.0521646;
0;0;278;0;2;3.26467;1.13618;0.0463039;
0;0;279;0;2;3.28181;1.16198;0.0394272;
0;0;280;0;2;3.29895;1.19195;0.0317008;
0;0;281;0;2;3.31609;1.22702;0.0234615;
0;0;282;0;2;3.33323;1.26828;0.0152993;
0;0;283;0;2;3.35037;1.31698;0.0081628;
0;0;284;0;2;3.3675;1.3744;0.003488;
0;0;285;0;2;3.38464;1.44176;0.00334009;
0;0;286;0;2;3.40178;1.51999;0.0105441;
0;0;287;0;2;3.41892;1.60939;0.028756;
0;0;288;0;2;3.43606;1.70917;0.0623969;
0;0;289;0;2;3.4532;1.81691;0.116351;
0;0;290;0;2;3.47034;1.92816;0.195337;
0;0;291;0;2;3.48748;2.03617;0.302947;
0;0;292;0;2;3.50462;2.13229;0.440485;
0;0;293;0;2;3.52176;2.20692;0.605934;
0;0;294;0;2;3.5389;2.25109;0.79348;
0;0;295;0;2;3.55603;2.25827;0.993919;
0;0;296;0;2;3.57317;2.22571;1.19599;
0;0;297;0;2;3.59031;2.15503;1.38829;
0;0;298;0;2;3.60745;2.0517;1.56112;
0;0;299;0;2;3.62459;1.92379;1.70779;
0;0;300;0;2;3.64173;1.78035;1.82512;
0;0;301;0;2;3.65887;1.62996;1.91306;
0;0;302;0;2;3.67601;1.47982;1.97399;
0;0;303;0;2;3.69315;1.33525;2.01169;
0;0;304;0;2;3.71029;1.19972;2.03053;
0;0;305;0;2;3.72743;1.07511;2.03485;
0;0;306;0;2;3.74456;0.962042;2.02856;
0;0;307;0;2;3.7617;0.860321;2.01495;
0;0;308;0;2;3.77884;0.76921;1.99666;
0;0;309;0;2;3.79598;0.687696;1.97575;
0;0;310;0;2;3.81312;0.614659;1.95372;
0;0;311;0;2;3.83026;0.548982;1.93168;
0;0;312;0;2;3.8474;0.489615;1.9104;
0;0;313;0;2;3.86454;0.435611;1.89039;
0;0;314;0;2;3.88168;0.386138;1.87201;
0;0;315;0;2;3.89882;0.340473;1.85546;
0;0;316;0;2;3.91596;0.298004;1.84087;
0;0;317;0;2;3.93309;0.258212;1.8283;
0;0;318;0;2;3.95023;0.22066;1.81779;
0;0;319;0;2;3.96737;0.184988;1.80935;
0;0;320;0;2;3.98451;0.150893;1.80299;
0;0;321;0;2;4.00165;0.11813;1.79871;
0;0;322;0;2;4.01879;0.0864239;1.79601;
0;0;323;0;2;4.03593;0.0554424;1.79461;
0;0;324;0;2;4.05307;0.0248745;1.79461;
0;0;325;0;2;4.07021;-0.00558699;1.79614;
0;0;326;0;2;4.08735;-0.0362566;1.7993;
0;0;327;0;2;4.10449;-0.0674689;1.80425;
0;0;328;0;2;4.12162;-0.0995951;1.81117;
0;0;329;0;2;4.13876;-0.133064;1.82025;
0;0;330;0;2;4.1559;-0.168388;1.83177;
0;0;331;0;2;4.17304;-0.206202;1.846;
0;0;332;0;2;4.19018;-0.247311;1.86329;
0;0;333;0;2;4.20732;-0.292755;1.884;
0;0;334;0;2;4.22446;-0.3439;1.9085;
0;0;335;0;2;4.2416;-0.402554;1.93709;
0;0;336;0;2;4.25874;-0.47112;1.96993;
0;0;337;0;2;4.27588;-0.552783;2.00678;
0;0;338;0;2;4.29302;-0.651725;2.04671;
0;0;339;0;2;4.31015;-0.77332;2.0875;
0;0;340;0;2;4.32729;-0.924201;2.12474;
0;0;341;0;2;4.34443;-1.11197;2.15043;
0;0;342;0;2;4.36157;-1.34403;2.15102;
0;0;343;0;2;4.37871;-1.62485;2.10527;
0;0;344;0;2;4.39585;-1.95038;1.98286;
0;0;345;0;2;4.41299;-2.29926;1.74647;
0;0;346;0;2;4.43013;-2.6225;1.36196;
0;0;347;0;2;4.44727;-2.8395;0.820605;
0;0;348;0;2;4.46441;-2.85483;0.168824;
0;0;349;0;2;4.48155;-2.60513;-0.477517;
0;0;350;0;2;4.49868;-2.11611;-0.966902;
0;0;351;0;2;4.51582;-1.51432;-1.19362;
0;0;352;0;2;4.53296;-0.960955;-1.16288;
0;0;353;0;2;4.5501;-0.559461;-0.973239;
0;0;354;0;2;4.56724;-0.321624;-0.738769;
0;0;355;0;2;4.58438;-0.202853;-0.53066;
0;0;356;0;2;4.60152;-0.150989;-0.371698;
0;0;357;0;2;4.61866;-0.129909;-0.257865;
0;0;358;0;2;4.6358;-0.120567;-0.177492;
0;0;359;0;2;4.65294;-0.114632;-0.119969;
0;0;360;0;2;4.67008;-0.109023;-0.0777531;
0;0;361;0;2;4.68722;-0.102849;-0.045931;
0;0;362;0;2;4.70435;-0.0960293;-0.021373;
0;0;363;0;2;4.72149;-0.0887238;-0.00206533;
0;0;364;0;2;4.73863;-0.0811339;0.0133202;
0;0;365;0;2;4.75577;-0.0734365;0.0256872;
0;0;366;0;2;4.77291;-0.0657708;0.0356698;
0;0;367;0;2;4.79005;-0.0582408;0.0437264;
0;0;368;0;2;4.80719;-0.0509219;0.0501979;
0;0;369;0;2;4.82433;-0.0438679;0.0553438;
0;0;370;0;2;4.84147;-0.0371162;0.0593663;
0;0;371;0;2;4.85861;-0.0306927;0.0624262;
0;0;372;0;2;4.87575;-0.0246142;0.064654;
0;0;373;0;2;4.89288;-0.0188919;0.0661575;
0;0;374;0;2;4.91002;-0.0135325;0.0670272;
0;0;375;0;2;4.92716;-0.00853971;0.0673403;
0;0;376;0;2;4.9443;-0.00391523;0.0671637;
0;0;377;0;2;4.96144;0.000340462;0.066556;
0;0;378;0;2;4.97858;0.00422776;0.0655697;
0;0;379;0;2;4.99572;0.00774756;0.0642519;
0;0;380;0;2;5.01286;0.010919;0.0626667;
0;0;381;0;2;5.03;0.0137954;0.0608894;
0;0;382;0;2;5.04714;0.0163936;0.0589288;
0;0;383;0;2;5.06428;0.0187248;0.0567887;
0;0;384;0;2;5.08141;0.020797;0.0544709;
0;0;385;0;2;5.09855;0.0226146;0.0519749;
0;0;386;0;2;5.11569;0.0241791;0.0492986;
0;0;387;0;2;5.13283;0.0254889;0.0464375;
0;0;388;0;2;5.14997;0.0265396;0.0433859;
0;0;389;0;2;5.16711;0.0273243;0.0401363;
0;0;390;0;2;5.18425;0.0278333;0.0366805;
0;0;391;0;2;5.20139;0.0280547;0.0330106;
0;0;392;0;2;5.21853;0.0279744;0.0291201;
0;0;393;0;2;5.23567;0.0275751;0.0250074;
0;0;394;0;2;5.25281;0.0268361;0.0206789;
0;0;395;0;2;5.26994;0.0257303;0.016155;
0;0;396;0;2;5.28708;0.0242196;0.0114774;
0;0;397;0;2;5.30422;0.0222485;0.00671825;
0;0;398;0;2;5.32136;0.0197338;0.00199225;
0;0;399;0;2;5.3385;0.0165549;-0.00252692;
0;0;400;0;2;5.35564;0.0125455;-0.00657858;
0;0;401;0;2;5.37278;0.00749445;-0.0097588;
0;0;402;0;2;5.38992;0.00116765;-0.011396;
0;0;403;0;2;5.40706;-0.00661723;-0.0102582;
0;0;404;0;2;5.4242;-0.0157613;-0.00377863;
0;0;405;0;2;5.44134;-0.0252518;0.0144276;
0;0;406;0;2;5.45847;-0.0328286;0.0646067;
0;0;407;0;2;5.47561;-0.0574828;0.222058;
0;0;408;0;2;5.49275;-0.365621;0.640492;
0;0;409;0;2;5.50989;-1.71405;0.651027;
0;0;410;0;2;5.52703;-2.58219;-1.48857;
0;0;411;0;2;5.54417;-0.716909;-3.16627;
0;0;412;0;2;5.56131;1.0627;-2.55671;
0;0;413;0;2;5.57845;1.54261;-1.53116;
0;0;414;0;2;5.59559;1.47476;-0.903266;
0;0;415;0;2;5.61273;1.31975;-0.582054;
0;0;416;0;2;5.62987;1.19198;-0.413114;
0;0;417;0;2;5.647;1.10117;-0.315011;
0;0;418;0;2;5.66414;1.03823;-0.251254;
0;0;419;0;2;5.68128;0.994225;-0.205522;
0;0;420;0;2;5.69842;0.962947;-0.170147;
0;0;421;0;2;5.71556;0.940367;-0.141278;
0;0;422;0;2;5.7327;0.92389;-0.11684;
0;0;423;0;2;5.74984;0.911819;-0.0956322;
0;0;424;0;2;5.76698;0.903019;-0.0769136;
0;0;425;0;2;5.78412;0.896712;-0.0602014;
0;0;426;0;2;5.80126;0.892348;-0.0451642;
0;0;427;0;2;5.8184;0.889535;-0.0315651;
0;0;428;0;2;5.83553;0.887981;-0.0192288;
0;0;429;0;2;5.85267;0.887468;-0.00802134;
0;0;430;0;2;5.86981;0.887827;0.00216141;
0;0;431;0;2;5.88695;0.888924;0.0114024;
0;0;432;0;2;5.90409;0.890652;0.0197682;
0;0;433;0;2;5.92123;0.892922;0.0273132;
0;0;434;0;2;5.93837;0.895659;0.0340817;
0;0;435;0;2;5.95551;0.898797;0.0401102;
0;0;436;0;2;5.97265;0.902276;0.0454288;
0;0;437;0;2;5.98979;0.906044;0.0500624;
0;0;438;0;2;6.00693;0.910044;0.0540426;
0;0;439;0;2;6.02406;0.914184;0.0574888;
0;0;440;0;2;6.0412;0.918454;0.0604456;
0;0;441;0;2;6.05834;0.92286;0.0629277;
0;0;442;0;2;6.07548;0.927408;0.0649438;
0;0;443;0;2;6.09262;0.932105;0.0664959;
0;0;444;0;2;6.10976;0.936959;0.0675802;
0;0;445;0;2;6.1269;0.941979;0.0681866;
0;0;446;0;2;6.14404;0.947174;0.0682993;
0;0;447;0;2;6.16118;0.952553;0.0678967;
0;0;448;0;2;6.17832;0.958125;0.0669517;
0;0;449;0;2;6.19546;0.963898;0.0654324;
0;0;450;0;2;6.2126;0.969875;0.0633025;
0;0;451;0;2;6.22973;0.976051;0.0605226;
0;0;452;0;2;6.24687;0.982407;0.0570504;
0;0;453;0;2;6.26401;0.9889;0.0528414;
0;0;454;0;2;6.28115;0.995447;0.0478475;
0;0;455;0;2;6.29829;1.00191;0.0420138;
0;0;456;0;2;6.31543;1.00807;0.0352744;
0;0;457;0;2;6.33257;1.01359;0.0275483;
0;0;458;0;2;6.34971;1.01797;0.018747;
0;0;459;0;2;6.36685;1.02048;0.00881019;
0;0;460;0;2;6.38399;1.02001;-0.00218917;
0;0;461;0;2;6.40113;1.01482;-0.0137804;
0;0;462;0;2;6.41826;1.00188;-0.0244237;
0;0;463;0;2;6.4354;0.975049;-0.0297053;
0;0;464;0;2;6.45254;0.917937;-0.0178677;
0;0;465;0;2;6.46968;0.772298;0.0278136;
0;0;466;0;2;6.48682;0.423744;0.0159919;
0;0;467;0;2;6.50396;0.0465927;-0.115304;
0;0;468;0;2;6.5211;-0.101285;0.384443;
0;0;469;0;2;6.53824;-9.44111;30.7182;
0;0;470;0;2;6.55538;72.7506;-128.727;
0;0;471;0;2;6.57252;25.7489;43.9033;
0;0;472;0;2;6.58966;-1.12323;15.519;
0;0;473;0;2;6.60679;-0.892592;7.36023;
0;0;474;0;2;6.62393;-0.216288;4.83789;
0;0;475;0;2;6.64107;0.134329;3.75071;
0;0;476;0;2;6.65821;0.309522;3.16915;
0;0;477;0;2;6.67535;0.397041;2.8125;
0;0;478;0;2;6.69249;0.4385;2.57272;
0;0;479;0;2;6.70963;0.454489;2.40072;
0;0;480;0;2;6.72677;0.455828;2.27135;
0;0;481;0;2;6.74391;0.448515;2.17055;
0;0;482;0;2;6.76105;0.436018;2.0899;
0;0;483;0;2;6.77819;0.420414;2.02407;
0;0;484;0;2;6.79532;0.402977;1.96951;
0;0;485;0;2;6.81246;0.384508;1.9238;
0;0;486;0;2;6.8296;0.365514;1.8852;
0;0;487;0;2;6.84674;0.346322;1.85247;
0;0;488;0;2;6.86388;0.327144;1.82466;
0;0;489;0;2;6.88102;0.308119;1.80105;
0;0;490;0;2;6.89816;0.289338;1.78107;
0;0;491;0;2;6.9153;0.270864;1.7643;
0;0;492;0;2;6.93244;0.252744;1.75037;
0;0;493;0;2;6.94958;0.235013;1.739;
0;0;494;0;2;6.96672;0.217703;1.72997;
0;0;495;0;2;6.98385;0.200846;1.72308;
0;0;496;0;2;7.00099;0.184475;1.71817;
0;0;497;0;2;7.01813;0.168618;1.71486;
0;0;498;0;2;7.03527;0.153215;1.71289;
0;0;499;0;2;7.05241;0.138186;1.71221;
0;0;500;0;2;7.06955;0.123464;1.71281;
0;0;501;0;2;7.08669;0.108987;1.7147;
0;0;502;0;2;7.10383;0.0947053;1.71791;
0;0;503;0;2;7.12097;0.0805717;1.72246;
0;0;504;0;2;7.13811;0.066546;1.72844;
0;0;505;0;2;7.15525;0.0525927;1.73591;
0;0;506;0;2;7.17238;0.0386817;1.74498;
0;0;507;0;2;7.18952;0.0247901;1.75577;
0;0;508;0;2;7.20666;0.0109066;1.76843;
0;0;509;0;2;7.2238;-0.00295998;1.78309;
0;0;510;0;2;7.24094;-0.0167654;1.79992;
0;0;511;0;2;7.25808;-0.0304034;1.81906;
0;0;512;0;2;7.27522;-0.0436639;1.84066;
0;0;513;0;2;7.29236;-0.056169;1.86481;
0;0;514;0;2;7.3095;-0.0672818;1.89161;
0;0;515;0;2;7.32664;-0.0759836;1.92105;
0;0;516;0;2;7.34378;-0.0807118;1.95303;
0;0;517;0;2;7.36091;-0.0791411;1.98713;
0;0;518;0;2;7.37805;-0.0678707;2.02214;
0;0;519;0;2;7.39519;-0.0419587;2.05499;
0;0;520;0;2;7.41233;0.00574064;2.07796;
0;0;521;0;2;7.42947;0.0854545;2.07199;
0;0;522;0;2;7.44661;0.212935;1.98882;
0;0;523;0;2;7.46375;0.428314;1.71348;
0;0;524;0;2;7.48089;0.838994;1.10079;
0;0;525;0;2;7.49803;1.25895;0.25713;
0;0;526;0;2;7.51517;0.841182;-0.181954;
0;0;527;0;2;7.53231;-8.86912e-05;4.9253e-05;
0;0;528;0;2;7.54944;5.14989e+49;3.76004e+49;
0;0;529;0;2;7.56658;4.86245e-08;-2.25474e-08;
0;0;530;0;2;7.58372;-5.57916e-16;-8.81699e-16;
0;0;531;0;2;7.60086;-7.76154e-08;-2.67349e-07;
0;0;532;0;2;7.618;-0.000142861;-4.2895e-07;
0;0;533;0;2;7.63514;-0.00172004;0.000486636;
0;0;534;0;2;7.65228;-0.00580523;0.00257552;
0;0;535;0;2;7.66942;-0.0113918;0.00669966;
0;0;536;0;2;7.68656;-0.0169534;0.0125008;
0;0;537;0;2;7.7037;-0.0215237;0.0193323;
0;0;538;0;2;7.72084;-0.0247269;0.0265858;
0;0;539;0;2;7.73797;-0.0265453;0.0338021;
0;0;540;0;2;7.75511;-0.027129;0.0406742;
0;0;541;0;2;7.77225;-0.026687;0.0470165;
0;0;542;0;2;7.78939;-0.0254319;0.0527295;
0;0;543;0;2;7.80653;-0.0235573;0.0577716;
0;0;544;0;2;7.82367;-0.0212298;0.0621386;
0;0;545;0;2;7.84081;-0.0185882;0.0658493;
0;0;546;0;2;7.85795;-0.0157465;0.0689362;
0;0;547;0;2;7.87509;-0.0127973;0.0714396;
0;0;548;0;2;7.89223;-0.00981519;0.0734034;
0;0;549;0;2;7.90937;-0.00686003;0.0748728;
0;0;550;0;2;7.92651;-0.0039798;0.0758927;
0;0;551;0;2;7.94364;-0.0012127;0.0765071;
0;0;552;0;2;7.96078;0.00141096;0.0767581;
0;0;553;0;2;7.97792;0.00386735;0.0766862;
0;0;554;0;2;7.99506;0.00613798;0.07633;
0;0;555;0;2;8.0122;0.00821639;0.075739;
0;0;556;0;2;8.02934;0.0101204;0.074975;
0;0;557;0;2;8.04648;0.0118558;0.074054;
0;0;558;0;2;8.06362;0.0134262;0.0729871;
0;0;559;0;2;8.08076;0.014834;0.0717835;
0;0;560;0;2;8.0979;0.0160806;0.0704508;
0;0;561;0;2;8.11504;0.0171663;0.0689952;
0;0;562;0;2;8.13217;0.0180904;0.0674215;
0;0;563;0;2;8.14931;0.018851;0.065734;
0;0;564;0;2;8.16645;0.019446;0.0639362;
0;0;565;0;2;8.18359;0.0198722;0.0620317;
0;0;566;0;2;8.20073;0.0201266;0.0600246;
0;0;567;0;2;8.21787;0.0202056;0.0579208;
0;0;568;0;2;8.23501;0.020106;0.0557288;
0;0;569;0;2;8.25215;0.0198241;0.0534622;
0;0;570;0;2;8.26929;0.0193551;0.0511412;
0;0;571;0;2;8.28643;0.0186919;0.0487954;
0;0;572;0;2;8.30357;0.0178222;0.0464662;
0;0;573;0;2;8.3207;0.0167253;0.0442094;
0;0;574;0;2;8.33784;0.0153683;0.0420974;
0;0;575;0;2;8.35498;0.0137021;0.0402242;
0;0;576;0;2;8.37212;0.011656;0.0387177;
0;0;577;0;2;8.38926;0.00912727;0.0377749;
0;0;578;0;2;8.4064;0.0059508;0.0377624;
0;0;579;0;2;8.42354;0.00180159;0.039545;
0;0;580;0;2;8.44068;-0.0042157;0.045811;
0;0;581;0;2;8.45782;-0.0164712;0.0681409;
0;0;582;0;2;8.47496;-0.0772908;0.173746;
0;0;583;0;2;8.4921;-0.559875;0.751859;
0;0;584;0;2;8.50923;-0.115304;2.79514;
0;0;585;0;2;8.52637;0.761829;0.060416;
0;0;586;0;2;8.54351;1;-1.38811e-40;
0;0;587;0;2;8.56065;inf;-inf;
0;0;588;0;2;8.57779;1;-1.3477e-20;
0;0;589;0;2;8.59493;1;4.7208e-09;
0;0;590;0;2;8.61207;0.999989;-5.37543e-05;
0;0;591;0;2;8.62921;0.999081;-0.00127682;
0;0;592;0;2;8.64635;0.994581;-0.00534911;
0;0;593;0;2;8.66349;0.985594;-0.0110872;
0;0;594;0;2;8.68063;0.973504;-0.0161224;
0;0;595;0;2;8.69776;0.960161;-0.0190565;
0;0;596;0;2;8.7149;0.946969;-0.0195816;
0;0;597;0;2;8.73204;0.93476;-0.0179743;
0;0;598;0;2;8.74918;0.923932;-0.0147061;
0;0;599;0;2;8.76632;0.914618;-0.0102502;
0;0;600;0;2;8.78346;0.906796;-0.00501;
0;0;601;0;2;8.8006;0.900373;0.000695076;
0;0;602;0;2;8.81774;0.895224;0.00662187;
0;0;603;0;2;8.83488;0.891215;0.0125891;
0;0;604;0;2;8.85202;0.888219;0.0184636;
0;0;605;0;2;8.86916;0.886114;0.0241479;
0;0;606;0;2;8.88629;0.884792;0.029572;
0;0;607;0;2;8.90343;0.884155;0.0346852;
0;0;608;0;2;8.92057;0.884114;0.0394518;
0;0;609;0;2;8.93771;0.884589;0.0438471;
0;0;610;0;2;8.95485;0.885509;0.0478543;
0;0;611;0;2;8.97199;0.886808;0.051463;
0;0;612;0;2;8.98913;0.888426;0.0546676;
0;0;613;0;2;9.00627;0.890303;0.0574709;
0;0;614;0;2;9.02341;0.892353;0.0599284;
0;0;615;0;2;9.04055;0.894547;0.0620666;
0;0;616;0;2;9.05769;0.896872;0.0638959;
0;0;617;0;2;9.07482;0.899319;0.0654238;
0;0;618;0;2;9.09196;0.901879;0.0666549;
0;0;619;0;2;9.1091;0.904545;0.0675914;
0;0;620;0;2;9.12624;0.90731;0.0682331;
0;0;621;0;2;9.14338;0.910168;0.0685774;
0;0;622;0;2;9.16052;0.913114;0.0686205;
0;0;623;0;2;9.17766;0.916142;0.068357;
0;0;624;0;2;9.1948;0.919244;0.0677812;
0;0;625;0;2;9.21194;0.922411;0.0668875;
0;0;626;0;2;9.22908;0.92563;0.0656715;
0;0;627;0;2;9.24622;0.928879;0.0641309;
0;0;628;0;2;9.26335;0.932129;0.0622655;
0;0;629;0;2;9.28049;0.935334;0.0600774;
0;0;630;0;2;9.29763;0.93843;0.0575693;
0;0;631;0;2;9.31477;0.941327;0.0547415;
0;0;632;0;2;9.33191;0.943903;0.0515885;
0;0;633;0;2;9.34905;0.945997;0.0480955;
0;0;634;0;2;9.36619;0.947394;0.044238;
0;0;635;0;2;9.38333;0.947779;0.0399863;
0;0;636;0;2;9.40047;0.946628;0.0353186;
0;0;637;0;2;9.41761;0.942854;0.0302625;
0;0;638;0;2;9.43475;0.933509;0.0250409;
0;0;639;0;2;9.45188;0.907633;0.0204156;
0;0;640;0;2;9.46902;0.808931;0.0124061;
0;0;641;0;2;9.48616;0.406537;-0.0643025;
0;0;642;0;2;9.5033;0.0189993;0.00112817;
0;0;643;0;2;9.52044;-0.195211;0.272604;
0;0;644;0;2;9.53758;-9.81639e-22;2;
0;0;645;0;2;9.55472;1;0;
0;0;646;0;2;9.57186;5.80888e-22;2;
0;0;647;0;2;9.589;1.89354e-11;2;
0;0;648;0;2;9.60614;4.92719e-06;2.00002;
0;0;649;0;2;9.62328;0.00185433;2.00133;
0;0;650;0;2;9.64041;0.0155575;2.00674;
0;0;651;0;2;9.65755;0.0469674;2.01296;
0;0;652;0;2;9.67469;0.0902245;2.01321;
0;0;653;0;2;9.69183;0.136401;2.00415;
0;0;654;0;2;9.70897;0.179027;1.98643;
0;0;655;0;2;9.72611;0.214884;1.96254;
0;0;656;0;2;9.74325;0.24307;1.93518;
0;0;657;0;2;9.76039;0.263953;1.90652;
0;0;658;0;2;9.77753;0.278444;1.8781;
0;0;659;0;2;9.79467;0.287598;1.85089;
0;0;660;0;2;9.81181;0.292415;1.82547;
0;0;661;0;2;9.82895;0.293771;1.80213;
0;0;662;0;2;9.84608;0.292397;1.781;
0;0;663;0;2;9.86322;0.288892;1.76209;
0;0;664;0;2;9.88036;0.28374;1.74535;
0;0;665;0;2;9.8975;0.277332;1.73068;
0;0;666;0;2;9.91464;0.269985;1.71797;
0;0;667;0;2;9.93178;0.261957;1.70712;
0;0;668;0;2;9.94892;0.25346;1.69801;
0;0;669;0;2;9.96606;0.244669;1.69052;
0;0;670;0;2;9.9832;0.235733;1.68455;
0;0;671;0;2;10.0003;0.22678;1.68001;
0;0;672;0;2;10.0175;0.217934;1.67664;
0;0;673;0;2;10.0346;0.209241;1.67427;
0;0;674;0;2;10.0518;0.200701;1.67284;
0;0;675;0;2;10.0689;0.192312;1.67231;
0;0;676;0;2;10.086;0.184076;1.67265;
0;0;677;0;2;10.1032;0.175994;1.67384;
0;0;678;0;2;10.1203;0.168069;1.67588;
0;0;679;0;2;10.1374;0.160307;1.67877;
0;0;680;0;2;10.1546;0.152716;1.68251;
0;0;681;0;2;10.1717;0.145305;1.68712;
0;0;682;0;2;10.1889;0.13809;1.6926;
0;0;683;0;2;10.206;0.13109;1.69897;
0;0;684;0;2;10.2231;0.124333;1.70625;
0;0;685;0;2;10.2403;0.117861;1.71443;
0;0;686;0;2;10.2574;0.111739;1.72349;
0;0;687;0;2;10.2746;0.106065;1.73339;
0;0;688;0;2;10.2917;0.100987;1.74406;
0;0;689;0;2;10.3088;0.096723;1.75542;
0;0;690;0;2;10.326;0.0935877;1.76733;
0;0;691;0;2;10.3431;0.0920153;1.77965;
0;0;692;0;2;10.3603;0.0926014;1.79217;
0;0;693;0;2;10.3774;0.0961847;1.80461;
0;0;694;0;2;10.3945;0.104061;1.8164;
0;0;695;0;2;10.4117;0.118598;1.82628;
0;0;696;0;2;10.4288;0.145294;1.8307;
0;0;697;0;2;10.446;0.201429;1.81712;
0;0;698;0;2;10.4631;0.363926;1.72938;
0;0;699;0;2;10.4802;0.951574;1.25811;
0;0;700;0;2;10.4974;1.10508;0.093252;
0;0;701;0;2;10.5145;0.952536;-0.0568784;
0;0;702;0;2;10.5316;0.0079299;0.0427407;
0;0;703;0;2;10.5488;0;2;
0;0;704;0;2;10.5659;0.00801002;0.0427016;
0;0;705;0;2;10.5831;0.00792789;0.0424805;
0;0;706;0;2;10.6002;0.00792789;0.0424804;
0;0;707;0;2;10.6173;0.00787448;0.0424718;
0;0;708;0;2;10.6345;0.00720196;0.0425711;
0;0;709;0;2;10.6516;0.00532991;0.0431564;
0;0;710;0;2;10.6688;0.00256702;0.0444325;
0;0;711;0;2;10.6859;-0.000495062;0.0463647;
0;0;712;0;2;10.703;-0.00342425;0.0488324;
0;0;713;0;2;10.7202;-0.00597313;0.0517024;
0;0;714;0;2;10.7373;-0.0080165;0.054843;
0;0;715;0;2;10.7545;-0.00950507;0.0581283;
0;0;716;0;2;10.7716;-0.0104386;0.0614426;
0;0;717;0;2;10.7887;-0.0108489;0.0646852;
0;0;718;0;2;10.8059;-0.0107877;0.0677737;
0;0;719;0;2;10.823;-0.010318;0.0706444;
0;0;720;0;2;10.8402;-0.00950685;0.0732523;
0;0;721;0;2;10.8573;-0.00842132;0.075568;
0;0;722;0;2;10.8744;-0.00712501;0.0775762;
0;0;723;0;2;10.8916;-0.00567651;0.0792725;
0;0;724;0;2;10.9087;-0.00412838;0.0806611;
0;0;725;0;2;10.9258;-0.00252691;0.0817527;
0;0;726;0;2;10.943;-0.000912175;0.0825632;
0;0;727;0;2;10.9601;0.000681623;0.0831114;
0;0;728;0;2;10.9773;0.00222575;0.0834186;
0;0;729;0;2;10.9944;0.00369648;0.0835074;
0;0;730;0;2;11.0115;0.0050773;0.0834095;
0;0;731;0;2;11.0287;0.00636744;0.0831694;
0;0;732;0;2;11.0458;0.007566;0.082801;
0;0;733;0;2;11.063;0.00867193;0.0823145;
0;0;734;0;2;11.0801;0.00968422;0.0817188;
0;0;735;0;2;11.0972;0.0106018;0.0810216;
0;0;736;0;2;11.1144;0.0114236;0.0802296;
0;0;737;0;2;11.1315;0.0121482;0.0793485;
0;0;738;0;2;11.1487;0.0127743;0.0783836;
0;0;739;0;2;11.1658;0.0133005;0.0773396;
0;0;740;0;2;11.1829;0.0137254;0.0762214;
0;0;741;0;2;11.2001;0.0140477;0.0750338;
0;0;742;0;2;11.2172;0.0142665;0.0737829;
0;0;743;0;2;11.2344;0.0143809;0.0724761;
0;0;744;0;2;11.2515;0.01439;0.0711235;
0;0;745;0;2;11.2686;0.0142924;0.0697385;
0;0;746;0;2;11.2858;0.014085;0.0683393;
0;0;747;0;2;11.3029;0.0137616;0.0669493;
0;0;748;0;2;11.32;0.013311;0.065598;
0;0;749;0;2;11.3372;0.0127146;0.0643214;
0;0;750;0;2;11.3543;0.0119436;0.0631632;
0;0;751;0;2;11.3715;0.0109553;0.0621801;
0;0;752;0;2;11.3886;0.00968294;0.0614572;
0;0;753;0;2;11.4057;0.00800766;0.0611537;
0;0;754;0;2;11.4229;0.00566434;0.061655;
0;0;755;0;2;11.44;0.00182403;0.0641953;
0;0;756;0;2;11.4572;-0.00793095;0.0742841;
0;0;757;0;2;11.4743;-0.0753677;0.126528;
0;0;758;0;2;11.4914;-0.811249;1.05467;
0;0;759;0;2;11.5086;0.0407821;1.95197;
0;0;760;0;2;11.5257;0.74728;0.116659;
0;0;761;0;2;11.5429;0.939779;0.0393982;
0;0;762;0;2;11.56;nan;nan;
0;0;763;0;2;11.5771;0.939779;0.0393982;
0;0;764;0;2;11.5943;0.939779;0.0393982;
0;0;765;0;2;11.6114;0.939779;0.0393797;
0;0;766;0;2;11.6286;0.93953;0.0388578;
0;0;767;0;2;11.6457;0.938104;0.0369021;
0;0;768;0;2;11.6628;0.935063;0.0337417;
0;0;769;0;2;11.68;0.930709;0.0302758;
0;0;770;0;2;11.6971;0.925512;0.0272;
0;0;771;0;2;11.7142;0.919867;0.0248823;
0;0;772;0;2;11.7314;0.914075;0.0234669;
0;0;773;0;2;11.7485;0.908371;0.0229649;
0;0;774;0;2;11.7657;0.902935;0.0233101;
0;0;775;0;2;11.7828;0.897901;0.0243941;
0;0;776;0;2;11.7999;0.893359;0.0260889;
0;0;777;0;2;11.8171;0.889363;0.0282634;
0;0;778;0;2;11.8342;0.885938;0.0307922;
0;0;779;0;2;11.8514;0.883084;0.033562;
0;0;780;0;2;11.8685;0.880786;0.0364732;
0;0;781;0;2;11.8856;0.879017;0.0394407;
0;0;782;0;2;11.9028;0.87774;0.0423936;
0;0;783;0;2;11.9199;0.876916;0.0452734;
0;0;784;0;2;11.9371;0.876502;0.0480327;
0;0;785;0;2;11.9542;0.876454;0.0506342;
0;0;786;0;2;11.9713;0.876729;0.0530485;
0;0;787;0;2;11.9885;0.877284;0.0552537;
0;0;788;0;2;12.0056;0.878074;0.0572359;
0;0;789;0;2;12.0227;0.879032;0.0590129;
0;0;790;0;2;12.0399;0.88013;0.0605962;
0;0;791;0;2;12.057;0.881352;0.0619894;
0;0;792;0;2;12.0742;0.882686;0.0631956;
0;0;793;0;2;12.0913;0.884122;0.0642169;
0;0;794;0;2;12.1084;0.88565;0.0650548;
0;0;795;0;2;12.1256;0.887262;0.0657098;
0;0;796;0;2;12.1427;0.888949;0.0661817;
0;0;797;0;2;12.1599;0.890705;0.0664702;
0;0;798;0;2;12.177;0.892523;0.0665744;
0;0;799;0;2;12.1941;0.894394;0.066494;
0;0;800;0;2;12.2113;0.896312;0.066229;
0;0;801;0;2;12.2284;0.898265;0.0657804;
0;0;802;0;2;12.2456;0.90024;0.0651506;
0;0;803;0;2;12.2627;0.902217;0.0643429;
0;0;804;0;2;12.2798;0.904172;0.0633616;
0;0;805;0;2;12.297;0.906068;0.0622097;
0;0;806;0;2;12.3141;0.907861;0.0608876;
0;0;807;0;2;12.3313;0.90949;0.0593898;
0;0;808;0;2;12.3484;0.91088;0.0577016;
0;0;809;0;2;12.3655;0.911935;0.0557969;
0;0;810;0;2;12.3827;0.912513;0.0536334;
0;0;811;0;2;12.3998;0.912377;0.0511431;
0;0;812;0;2;12.4169;0.911013;0.0481999;
0;0;813;0;2;12.4341;0.906965;0.0444874;
0;0;814;0;2;12.4512;0.894449;0.0385193;
0;0;815;0;2;12.4684;0.838469;0.0132639;
0;0;816;0;2;12.4855;0.37311;-0.190469;
0;0;817;0;2;12.5026;0.0177529;0.0426324;
0;0;818;0;2;12.5198;-0.202754;0.0861651;
0;0;819;0;2;12.5369;0.121235;1.79904;
0;0;820;0;2;12.5541;0.939779;0.0393982;
0;0;821;0;2;12.5712;0.121235;1.79904;
0;0;822;0;2;12.5883;0.121235;1.79904;
0;0;823;0;2;12.6055;0.121235;1.79905;
0;0;824;0;2;12.6226;0.121789;1.79956;
0;0;825;0;2;12.6398;0.126344;1.80211;
0;0;826;0;2;12.6569;0.137318;1.80626;
0;0;827;0;2;12.674;0.15327;1.80987;
0;0;828;0;2;12.6912;0.171737;1.81131;
0;0;829;0;2;12.7083;0.190777;1.80988;
0;0;830;0;2;12.7255;0.209082;1.80553;
0;0;831;0;2;12.7426;0.225806;1.79855;
0;0;832;0;2;12.7597;0.240437;1.78945;
0;0;833;0;2;12.7769;0.252715;1.77882;
0;0;834;0;2;12.794;0.26257;1.7672;
0;0;835;0;2;12.8111;0.270069;1.75511;
0;0;836;0;2;12.8283;0.275371;1.74297;
0;0;837;0;2;12.8454;0.278686;1.73113;
0;0;838;0;2;12.8626;0.28025;1.71983;
0;0;839;0;2;12.8797;0.280304;1.70927;
0;0;840;0;2;12.8968;0.279081;1.69957;
0;0;841;0;2;12.914;0.2768;1.6908;
0;0;842;0;2;12.9311;0.273661;1.68302;
0;0;843;0;2;12.9483;0.269845;1.67624;
0;0;844;0;2;12.9654;0.265512;1.67044;
0;0;845;0;2;12.9825;0.260807;1.66561;
0;0;846;0;2;12.9997;0.255856;1.66171;
0;0;847;0;2;13.0168;0.250794;1.65862;
0;0;848;0;2;13.034;0.245699;1.65623;
0;0;849;0;2;13.0511;0.240598;1.65449;
0;0;850;0;2;13.0682;0.235511;1.65337;
0;0;851;0;2;13.0854;0.230456;1.65285;
0;0;852;0;2;13.1025;0.22545;1.6529;
0;0;853;0;2;13.1197;0.220508;1.65351;
0;0;854;0;2;13.1368;0.215645;1.65468;
0;0;855;0;2;13.1539;0.210872;1.65639;
0;0;856;0;2;13.1711;0.206205;1.65863;
0;0;857;0;2;13.1882;0.201657;1.66139;
0;0;858;0;2;13.2053;0.197244;1.66468;
0;0;859;0;2;13.2225;0.192986;1.66848;
0;0;860;0;2;13.2396;0.188907;1.67276;
0;0;861;0;2;13.2568;0.185042;1.67751;
0;0;862;0;2;13.2739;0.181442;1.68268;
0;0;863;0;2;13.291;0.178181;1.68822;
0;0;864;0;2;13.3082;0.175364;1.69408;
0;0;865;0;2;13.3253;0.173136;1.70019;
0;0;866;0;2;13.3425;0.171697;1.70648;
0;0;867;0;2;13.3596;0.171315;1.71289;
0;0;868;0;2;13.3767;0.172366;1.71933;
0;0;869;0;2;13.3939;0.175453;1.72567;
0;0;870;0;2;13.411;0.181739;1.73159;
0;0;871;0;2;13.4282;0.194129;1.73613;
0;0;872;0;2;13.4453;0.222739;1.73589;
0;0;873;0;2;13.4624;0.323094;1.71716;
0;0;874;0;2;13.4796;1.03722;1.53108;
0;0;875;0;2;13.4967;0.993281;0.0758949;
0;0;876;0;2;13.5139;0.929328;0.0171291;
0;0;877;0;2;13.531;0.00905292;0.064203;
0;0;878;0;2;13.5481;nan;nan;
0;0;879;0;2;13.5653;0.121235;1.79904;
0;0;880;0;2;13.5824;0.00856953;0.0638761;
0;0;881;0;2;13.5995;0.00856954;0.0638761;
0;0;882;0;2;13.6167;0.00854526;0.0638673;
0;0;883;0;2;13.6338;0.008192;0.0638575;
0;0;884;0;2;13.651;0.00714311;0.0639888;
0;0;885;0;2;13.6681;0.00552399;0.0643898;
0;0;886;0;2;13.6852;0.00364458;0.0650915;
0;0;887;0;2;13.7024;0.00174076;0.0660775;
0;0;888;0;2;13.7195;-4.46634e-05;0.0673166;
0;0;889;0;2;13.7367;-0.00162769;0.0687697;
0;0;890;0;2;13.7538;-0.00295884;0.0703911;
0;0;891;0;2;13.7709;-0.00401112;0.0721296;
0;0;892;0;2;13.7881;-0.0047744;0.0739323;
0;0;893;0;2;13.8052;-0.00525192;0.0757472;
0;0;894;0;2;13.8224;-0.00545766;0.0775265;
0;0;895;0;2;13.8395;-0.00541371;0.0792284;
0;0;896;0;2;13.8566;-0.00514792;0.0808185;
0;0;897;0;2;13.8738;-0.00469162;0.0822699;
0;0;898;0;2;13.8909;-0.00407776;0.0835635;
0;0;899;0;2;13.9081;-0.00333935;0.0846869;
0;0;900;0;2;13.9252;-0.00250828;0.0856343;
0;0;901;0;2;13.9423;-0.00161445;0.086405;
0;0;902;0;2;13.9595;-0.000685253;0.0870027;
0;0;903;0;2;13.9766;0.000254838;0.0874347;
0;0;904;0;2;13.9937;0.00118438;0.0877111;
0;0;905;0;2;14.0109;0.00208552;0.0878487;
0;0;906;0;2;14.028;0.00294908;0.0878771;
0;0;907;0;2;14.0452;0.00377102;0.0878059;
0;0;908;0;2;14.0623;0.00454799;0.0876425;
0;0;909;0;2;14.0794;0.00527715;0.0873934;
0;0;910;0;2;14.0966;0.00595601;0.0870645;
0;0;911;0;2;14.1137;0.00658239;0.0866608;
0;0;912;0;2;14.1309;0.00715431;0.0861872;
0;0;913;0;2;14.148;0.00767001;0.0856478;
0;0;914;0;2;14.1651;0.00812791;0.0850467;
0;0;915;0;2;14.1823;0.00852667;0.0843879;
0;0;916;0;2;14.1994;0.00886515;0.0836755;
0;0;917;0;2;14.2166;0.00914241;0.0829142;
0;0;918;0;2;14.2337;0.00935766;0.0821096;
0;0;919;0;2;14.2508;0.00950996;0.0812689;
0;0;920;0;2;14.268;0.00959783;0.0804009;
0;0;921;0;2;14.2851;0.00961855;0.0795172;
0;0;922;0;2;14.3023;0.00956715;0.0786316;
0;0;923;0;2;14.3194;0.0094352;0.0777611;
0;0;924;0;2;14.3365;0.00920942;0.0769251;
0;0;925;0;2;14.3537;0.00886996;0.0761457;
0;0;926;0;2;14.3708;0.00838743;0.0754505;
0;0;927;0;2;14.3879;0.00771554;0.0748793;
0;0;928;0;2;14.4051;0.0067696;0.0745066;
0;0;929;0;2;14.4222;0.00535413;0.0745135;
0;0;930;0;2;14.4394;0.0028433;0.0754786;
0;0;931;0;2;14.4565;-0.00409384;0.0798456;
0;0;932;0;2;14.4736;-0.0562949;0.0951534;
0;0;933;0;2;14.4908;-0.742601;1.6846;
0;0;934;0;2;14.5079;0.134956;1.77933;
0;0;935;0;2;14.5251;0.747223;0.17007;
0;0;936;0;2;14.5422;0.908406;0.0525065;
0;0;937;0;2;14.5593;0.00856953;0.0638761;
0;0;938;0;2;14.5765;0.908406;0.0525065;
0;0;939;0;2;14.5936;0.908406;0.0525065;
0;0;940;0;2;14.6108;0.908408;0.0524987;
0;0;941;0;2;14.6279;0.908336;0.0522232;
0;0;942;0;2;14.645;0.907807;0.05109;
0;0;943;0;2;14.6622;0.906568;0.0491289;
0;0;944;0;2;14.6793;0.904691;0.0468076;
0;0;945;0;2;14.6964;0.902336;0.0445223;
0;0;946;0;2;14.7136;0.899644;0.0425079;
0;0;947;0;2;14.7307;0.896726;0.0408887;
0;0;948;0;2;14.7479;0.893684;0.039723;
0;0;949;0;2;14.765;0.890609;0.0390273;
0;0;950;0;2;14.7821;0.887587;0.0387897;
0;0;951;0;2;14.7993;0.884691;0.038978;
0;0;952;0;2;14.8164;0.881985;0.0395462;
0;0;953;0;2;14.8336;0.879518;0.0404395;
0;0;954;0;2;14.8507;0.877324;0.0415991;
0;0;955;0;2;14.8678;0.875426;0.0429657;
0;0;956;0;2;14.885;0.873833;0.044482;
0;0;957;0;2;14.9021;0.872546;0.0460947;
0;0;958;0;2;14.9193;0.871558;0.0477555;
0;0;959;0;2;14.9364;0.870853;0.0494216;
0;0;960;0;2;14.9535;0.870415;0.0510562;
0;0;961;0;2;14.9707;0.870219;0.0526283;
0;0;962;0;2;14.9878;0.870243;0.0541125;
